,ALGORITHM,FILE NAME,FILE SIZE,MODE,DURATION,ENERGY CONSUMPTION
0,MD4,file_100KB.txt,102401,HASHING,92.9409638671875,1447.7333984375
1,MD4,file_200KB.txt,204801,HASHING,173.5454482421875,2618.126953125
2,MD4,file_500KB.txt,512001,HASHING,414.8771455078125,5914.5537109375
3,MD4,file_1MB.txt,1048577,HASHING,857.71994921875,11976.9267578125
4,MD4,file_10MB.txt,10485761,HASHING,8385.1685703125,108485.9580078125
5,MD4,file_100MB.txt,104857601,HASHING,84051.28937011719,1080265.37890625
6,MD4,file_200MB.txt,209715201,HASHING,168181.986296875,2139890.921875
7,MD4,file_500MB.txt,524288001,HASHING,424933.02015625,5440697.09375
8,MD4,file_1GB.txt,1073741825,HASHING,862929.071953125,11052162.484375
